NamaBarang,Harga,terjual
[ADD ON RAM 8GB dan SCREEN] ASUS Vivobook 14 A1404ZA-VIPS552M - Terra Cotta [Intel Core i5-1235U / Intel UHD Graphics / 8GB / 512GB / 14inch / WIN11 / OHS / M365],Rp9.059.000,4 terjual
[ADD ON RAM 8GB] ASUS Vivobook 14 A1404ZA-VIPS552M - Terra Cotta [Intel Core i5-1235U / Intel UHD Graphics / 8GB / 512GB / 14inch / WIN11 / OHS / M365],Rp8.979.000,3 terjual
ASUS Vivobook 14 A1404ZA-VIPS552M - Terra Cotta [Intel Core i5-1235U / Intel UHD Graphics / 8GB / 512GB / 14inch / WIN11 / OHS / M365],Rp8.699.000,4 terjual
[ADD ON RAM 8GB dan SCREEN] ASUS Vivobook 14 A1404ZA-VIPS551M - Quiet Blue [Intel Core i5-1235U / Intel UHD Graphics / 8GB / 512GB / 14inch / WIN11 / OHS / M365],Rp9.059.000,1 terjual
[ADD ON RAM 8GB] ASUS Vivobook 14 A1404ZA-VIPS551M - Quiet Blue [Intel Core i5-1235U / Intel UHD Graphics / 8GB / 512GB / 14inch / WIN11 / OHS / M365],Rp8.979.000,4 terjual
ASUS Vivobook 14 A1404ZA-VIPS551M - Quiet Blue [Intel Core i5-1235U / Intel UHD Graphics / 8GB / 512GB / 14inch / WIN11 / OHS / M365],Rp8.699.000,2 terjual
ASUS Vivobook Go 15 OLED E1504FA-OLED554M - Mixed Black [AMD Ryzen 5 7520U / AMD Radeon Graphics / 16GB / 512GB / 15.6inch / WIN11 / OHS / M365],Rp9.499.000,2 terjual
ASUS Vivobook Go E1404FA-VIPS552M - Mixed Black [AMD Ryzen 5 7520U / AMD Radeon Graphics / 16GB / 512GB / 14inch / WIN11 / OHS / M365],Rp8.799.000,11 terjual
ASUS Vivobook Go 14 E410KA-FHD456M - Rose Pink [Intel Celeron N4500 / Intel UHD Graphics / 8GB / 512GB / 14inch / WIN11 / OHS / M365],Rp5.169.000,20 terjual
ASUS Vivobook Go 14 E410KA-FHD428M - Rose Pink [Intel Celeron N4500 / Intel UHD Graphics / 8GB / 256GB / 14inch / WIN11 / OHS / M365],Rp4.819.000,21 terjual
ASUS TUF Gaming F15 FX507VU-I745K6M-OM - Mecha Gray [Intel Core i7-13620H / NVIDIA GeForce RTX 4050 / 16GB / 512GB / 15.6inch / WIN11 / M365 / OHS],Rp18.999.000,7 terjual
ASUS ROG Strix G18 G814JV-I746C6G-O - Eclipse Gray [Intel Core i7-13650HX / NVIDIA GeForce RTX 4060 / 16GB / 1TB / 18inch / WIN11 / OHS],Rp29.499.000,21 terjual
ASUS ROG Strix G18 G814JU-I745J8G-O - Eclipse Gray [Intel Core i7-13650HX / NVIDIA GeForce RTX 4050 / 16GB / 512GB / 18inch / WIN11 / OHS],Rp25.499.000,4 terjual
ASUS Vivobook S 15 OLED S5507QA-OLEDSH11M - Cool Silver [Snapdragon X Elite X1E 78 100 / Qualcomm Adreno GPU / 32GB / 1TB / 15.6inch / WIN11 / OHS],Rp23.999.000,80+ terjual
ASUS Vivobook 14 A1404VA-VIPS5510 - Cool Silver [Intel Core i5-1335U / Intel Iris Xe Graphics / 16GB / 512GB / 14inch / WIN11 / OHS],Rp9.899.000,26 terjual
ASUS Vivobook Go 14 E410KA-FHD425 - Star Black [Intel Celeron N4500 / Intel UHD Graphics / 4GB / 256GB / 14inch / WIN11 / OHS],Rp4.519.000,24 terjual
ASUS Vivobook Go 14 E410KA-FHD429 - Star Black [Intel Celeron N4500 / Intel UHD Graphics / 8GB / 256GB / 14inch / WIN11 / OHS],Rp4.819.000,30+ terjual
ASUS Vivobook Go 14 E410KA-FHD426 - Peacock Blue [Intel Celeron N4500 / Intel UHD Graphics / 8GB / 256GB / 14inch / WIN11 / OHS],Rp4.819.000,13 terjual
ASUS Vivobook 14 M1405YA-OLEDS713 - Cool Silver [AMD Ryzen 7 7730U / AMD Radeon Graphics / 16GB / 1TB / 14inch / Win11 / OHS],Rp12.299.000,50+ terjual
ASUS Vivobook 14 A1404ZA-VIPS354 - Quiet Blue [Intel Core i3-1215U / Intel UHD Graphics / 8GB / 512GB / 14inch / WIN11 / OHS],Rp7.059.000,250+ terjual
ASUS Vivobook 14 M1405YA-VIPS752 - Cool Silver [AMD Ryzen 7 7730U / AMD Radeon Graphics / 16GB / 512GB / 14inch / WIN11 / OHS],Rp10.299.000,2 terjual
ASUS Vivobook 14 M1405YA-VIPS751 - Indie Black [AMD Ryzen 7 7730U / AMD Radeon Graphics / 16GB / 512GB / 14inch / WIN11 / OHS],Rp10.299.000,90+ terjual
ASUS Vivobook S 14 Flip OLED TP3402VA-OLEDS751 - Quiet Blue [Intel Core i7-13700H / Intel Iris Xe Graphics / 16GB / 512GB / 14inch / WIN11 / OHS],Rp16.599.000,2rb+ terjual
ASUS Vivobook S 14 Flip OLED TP3402VA-OLEDS752 - Cool Silver [Intel Core i7-13700H / Intel Iris Xe / 16GB / 512GB / 14inch / WIN11 / OHS],Rp16.599.000,2 terjual
ASUS VivoBook Go 14 E1404FA-FHD322 - Green Grey,Rp6.049.000,1 terjual
ASUS VivoBook Go 14 E1404FA-FHD321 - Mixed Black [AMD Ryzen 3 7320U / AMD Radeon Graphics / 8GB / 256GB / 14inch / WIN11 / OHS],Rp6.049.000,5 terjual
ASUS AIO E5401WRAT-BA5812X - Black [Intel Core i5-10500T / Intel H470 Chipset / 8GB / 1TB dan 256GB / WIN11],Rp16.649.000,8 terjual
ASUS Mini PC EEEBOX E420-3865PLUS [Intel Celeron 3865U / Intel HD Graphics / 2GB / 500 GB / WIN10 / No Monitor],Rp4.899.000,20 terjual
ASUS TUF Gaming F15 FX506HC-I535B6T-O11 - Graphite Black [Intel Core i5-11400H / NVIDIA GeForce RTX 3050 / 8GB / 512GB / 15.6inch / WIN11 / OHS],Rp12.499.000,1 terjual
PACKING KAYU (HANYA UNTUK PENGIRIMAN VIA EKSPEDISI),Rp65.000,1 terjual
ASUS Vivobook S 14 Flip TN3402YA-VIPS555 - Quiet Blue [NO BAG],Rp11.899.000,1 terjual
[TRADE IN] ASUS VivoBook 14 A1404VA-VIPS321 - Terra Cotta,Rp7.699.000,2 terjual
[TRADE IN] ASUS Vivobook Go 14 E1404GA-FHD351 - Mixed Black,Rp6.799.000,3 terjual
ASUS Vivobook Go 15 OLED E1504FA-OLED353 - Green Grey [AMD Ryzen 3 7320U / AMD Radeon Graphics / 8GB / 512GB / 15.6inch / WIN11 / OHS],Rp7.899.000,30+ terjual
ASUS Vivobook Go 15 OLED E1504FA-OLED352 - Mixed Black [AMD Ryzen 3 7320U / AMD Radeon Graphics / 8GB / 512GB / 15.6inch / WIN11 / OHS],Rp7.599.000,40+ terjual
ASUS ROG Strix G16 G614JV-I746CLG-O - Eclipse Gray [NO BAG],Rp29.999.000,7 terjual
ASUS ROG Strix G16 G614JU-I745JLG-O - Eclipse Gray [NO BAG] [Intel Core i7-13650HX / NVIDIA GeForce RTX 4050 / 16GB / 512GB / 16inch / WIN11],Rp25.599.000,7 terjual
ASUS ROG Zephyrus G14 GA403UU-R745OLLG-O - Eclipse Gray [NO BAG],Rp29.999.000,3 terjual
ASUS TUF Gaming A16 Advantage FA617NSR-R7X2JLT-O - Off Black [NO BAG] [AMD Ryzen 7 7435HS / AMD Radeon RX 7600S / 16GB / 512GB / 16inch / WIN11],Rp18.799.000,5 terjual
ASUS TUF Gaming F16 FX607JU-I745J1M-O - Mecha Gray [Intel Core i7-13650HX / NVIDIA GeForce RTX 4050 / 16GB / 512GB / 16inch / WIN11 / OHS],Rp21.999.000,5 terjual
ASUS Vivobook 14 A1404VA-VIPS351 - Quiet Blue [Intel Core i3-1315U / Intel UHD Graphics / 8GB / 512GB / 14inch / WIN11 / OHS],Rp7.499.000,29 terjual
ASUS Vivobook E210MAO-HD4515 - Peacock Blue [Intel Celeron N4020 / Intel UHD Graphics 600 / 8GB / 512GB / 11.6inch / WIN11 / OHS],Rp4.399.000,60+ terjual
[BAZAAR] ASUS Vivobook Go 14 E1404FA-FHD351 - Mixed Black,Rp6.799.000,10 terjual
ASUS ROG Ally - RC71L-R1RADA2W with Travel Case,Rp9.899.000,10 terjual
[ADD ON RAM 8GB]ASUS VivoBook S 14 Flip TN3402QA-VIPS552 - Cool Silver,Rp10.279.000,60+ terjual
ASUS Marshmallow Keyboard KW100 - Green Tea Latte,Rp799.000,10 terjual
ASUS VivoBook 14 A1404VA-VIPS321 - Terra Cotta,Rp7.499.000,10 terjual
ASUS VivoBook 14 A1404ZA-IPS353 - Terra Cotta,Rp6.999.000,90+ terjual
ASUS Vivobook 14 A1404VA-VIPS712 - Transparent Silver [Intel Core i7-1355U / Intel Iris Xe Graphics / 16GB / 1TB / 14inch / WIN11 / OHS],Rp12.399.000,40+ terjual
ASUS VivoBook 14 A1404ZA-IPS323 - Terra Cotta,Rp6.999.000,16 terjual
ASUS Vivobook 14X OLED K3405VA-OLEDS551 - Indie Black,Rp14.399.000,30+ terjual
ASUS ROG Ally Travel Case,Rp499.000,2 terjual
ASUS VivoBook Go 14 Flip TP1400KA-HD423 - Quiet Blue,Rp6.599.000,6 terjual
[TRADE IN] ASUS VivoBook Ultra 15 K513EA-OLED551 - Indie Black,Rp10.599.000,60+ terjual
ASUS VivoBook 14 A1400EA-FHD7523 RAM 8GB - Indie Black,Rp5.169.000,40+ terjual
ASUS VivoBook 14 A1400EA-FHD7522 RAM 8GB  - Transparent Silver,Rp5.499.000,16 terjual
ASUS VivoBook 14X OLED M1403QA-OLEDS552 - Transparent Silver,Rp9.399.000,14 terjual
ASUS VivoBook 14X OLED M1403QA-OLEDS551 - Quiet Blue,Rp9.399.000,4 terjual
ASUS TUF Gaming A15 FA507RF-R725B6G-O - Jaeger Gray,Rp11.599.000,1 terjual
ASUS Vivobook 14 A1405VA-VIPS751 - Indie Black,Rp13.099.000,2 terjual
ASUS VivoBook 14 A1400EA-FHD322 - Transparent Silver,Rp6.199.000,4 terjual
ASUS VivoBook 14 A1400EA-FHD321 - Indie Black,Rp6.199.000,5 terjual
ASUS ROG BP4701 Gaming Backpack,Rp699.000,1 terjual
ASUS ROG Strix G18 G814JU-I745J6G-O - Eclipse Gray,Rp28.499.000,30+ terjual
ASUS TUF GAMING F15 FX506HF-I525B6T-O RAM 8GB*2 - Graphite Black,Rp11.799.000,18 terjual
ASUS TUF Gaming F15 FX507VV4-I946K6G-O - Jaeger Gray,Rp23.999.000,22 terjual
ASUS ROG Strix G16 G614JI-I947C6G-O - Eclipse Gray,Rp36.999.000,23 terjual
ASUS ROG Strix G18 G814JV-I746J6G-O - Eclipse Gray,Rp31.999.000,50+ terjual
ASUS ROG Strix G16 G614JU-I745J6G-O - Eclipse Gray,Rp25.899.000,14 terjual
ASUS TUF Gaming F15 FX507ZU4-I745K6G-O - Jaeger Gray,Rp18.799.000,30+ terjual
ASUS VivoBook 14 A416JAO-FHD751 - Slate Grey,Rp11.299.000,25 terjual
ASUS VivoBook 15 A516JAO-FHD3202 - Transparent Silver,Rp6.499.000,70+ terjual
ASUS VivoBook 15 A516JAO-VIPS3501 - Slate Grey,Rp7.099.000,30+ terjual
ASUS VivoBook 14 A416JAO-VIPS3504 - Transparent Silver,Rp7.099.000,17 terjual
ASUS VivoBook 14 A416JAO-VIPS3503 - Slate Grey,Rp7.099.000,70+ terjual
ASUS VivoBook 14 A416JAO-VIPS3501 - Slate Grey,Rp7.199.000,14 terjual
ASUS VivoBook 14 A416JAO-FHD3203 - Slate Grey,Rp6.499.000,10 terjual
ASUS VivoBook 14 A416JAO-FHD3202 - Transparent Silver,Rp6.599.000,50+ terjual
ASUS VivoBook 14 A416JAO-FHD3201 - Slate Grey,Rp6.599.000,12 terjual
Asus Pen 2.0 SA203H,Rp1.099.000,11 terjual
ASUS Vivobook 15 A1502ZA-VIPS353 - Quiet Blue,Rp8.099.000,19 terjual
ASUS VivoBook 15 A1502ZA-VIPS352 - Icelight Silver,Rp8.099.000,3 terjual
ASUS VivoBook 15 A516JAO-FHD3210 - Slate Grey,Rp6.099.000,5 terjual
ASUS VivoBook S14 OLED K3402ZA-OLEDS556 - Indie Black,Rp12.899.000,9 terjual
ASUS VivoBook S14 OLED K3402ZA-OLEDS555 - Neutral Grey,Rp12.899.000,4 terjual
ASUS VivoBook S14 OLED K3402ZA-OLEDS755 - Indie Black,Rp15.799.000,70+ terjual
ASUS VivoBook S14 OLED K3402ZA-OLEDS754 - Neutral Grey,Rp14.999.000,80+ terjual
ASUS Zenbook 14 UX3402ZA-OLEDS752 - Aqua Celadon,Rp17.299.000,60+ terjual
ASUS ZenBook 14X OLED Space Edition UX5401ZAS-OLEDP711 - Titanium,Rp26.999.000,26 terjual
ASUS ZenBook 14 Flip OLED UP5401ZA-OLEDS711 - Pine Grey,Rp22.999.000,60+ terjual
ASUS PC DESKTOP D500TC-341000032W,Rp9.999.000,60+ terjual
ASUS VivoBook 14 A416KA-FHD622 - Transparent Silver,Rp5.099.000,2 terjual
ASUS VivoBook 14 A416KA-FHD621 - Slate Grey,Rp5.099.000,20 terjual
ASUS VivoBook 15 A516MAO-FHD424 - Transparent Silver,Rp4.399.000,12 terjual
ASUS VivoBook 15 A516MAO-FHD423 - Slate Grey,Rp4.399.000,3 terjual
ASUS VivoBook 14 A416MAO-VIPS422 - Transparent Silver,Rp4.899.000,5 terjual
ASUS VivoBook 14 A416MAO-VIPS421 - Slate Grey,Rp4.899.000,60+ terjual
ASUS VivoBook Go 14 Flip TP1400KA-VIPS651 - Quiet Blue,Rp8.699.000,60+ terjual
ASUS VivoBook A516JAO-VIPS359 - Slate Grey,Rp6.799.000,13 terjual
ASUS ROG Zephyrus G15 GA503RW-R77RG7G-O - Eclipse Gray,Rp25.999.000,19 terjual
ASUS VivoBook Pro K3400PH-OLED557 - Cool Silver,Rp13.799.000,90+ terjual
ASUS VivoBook Pro K3400PH-OLED556 - Quiet Blue,Rp13.799.000,26 terjual
ASUS VivoBook Pro 14 K3400PA-IPS557 - Cool Silver,Rp11.299.000,10 terjual
ASUS Vivobook Pro 14 K3400PA-IPS556 - Quiet Blue,Rp11.299.000,10 terjual
ASUS TUF Gaming A15 FA506IHRB-R565B6T-O11 - Graphite Black,Rp12.599.000,9 terjual
ASUS TUF Gaming A15 FA506ICB-R735B6T-O11 - Graphite Black,Rp13.299.000,9 terjual
ASUS ROG Strix G17 G713RC-R735B6G-O - Eclipse Gray,Rp18.799.000,2 terjual
ASUS TUF Gaming F15 FX506HC-I735B8T-O11 - Graphite Black,Rp17.799.000,5 terjual
ASUS TUF Gaming F15 FX506LHB-I565B6T-O11 - Bonfire Black,Rp12.299.000,18 terjual
ASUS VivoBook 15 A516FA-VIPS324 - Silver,Rp6.299.000,12 terjual
ASUS VivoBook X441MAO-411 SSD 256GB - Chocolate Black,Rp4.299.000,2 terjual
ASUS VivoBook ASUS X441MA-GA034T SSD 256GB - Peacock Blue,Rp4.539.000,40+ terjual
ASUS VivoBook ASUS X441MA-GA032T SSD 256GB - Silver Gradient,Rp4.539.000,19 terjual
ASUS VivoBook ASUS X441MA-GA031T SSD 256GB - Chocolate Black,Rp4.539.000,14 terjual
ASUS VivoBook ASUS X441MA-GA033T SSD 256GB - Rose Gold,Rp4.499.000,22 terjual
ASUS TUF Gaming A15 FA506QM-R736B6T-O11 - Graphite Black,Rp16.299.000,60+ terjual
ASUS VivoBook 14 A416EPO-VIPS754 - Slate Grey,Rp12.799.000,80+ terjual
ASUS VivoBook 14 A416EPO-VIPS753 - Transparent Silver,Rp12.799.000,90+ terjual
ASUS VivoBook Pro 14X OLED N7400PC-OLED556 - Cool Silver,Rp16.444.000,1 terjual
ASUS VivoBook 14 A416EAO-VIPS353 - Transparent Silver,Rp6.599.000,1 terjual
ASUS VivoBook E410KAO-FHD459 - Rose Pink,Rp5.399.000,23 terjual
ASUS VivoBook E410KAO-FHD457 - Dreamy White,Rp5.399.000,5 terjual
ASUS VivoBook E410KAO-FHD456 - Peacock Blue,Rp4.499.000,2 terjual
ASUS VivoBook E210MAO-HD429 - Rose Gold,Rp4.199.000,19 terjual
ASUS VivoBook E210MAO-HD428 - Dreamy White,Rp4.199.000,16 terjual
ASUS VivoBook 15 A516JAO-VIPS355+ - Slate Grey,Rp6.299.000,3 terjual
ASUS ROG Strix G15 G513QE-R7R5B6G-O - Eclipse Gray,Rp21.999.000,3 terjual
ASUS ROG Zephyrus G14 GA401QE-R9R5B7G-O - Eclipse Gray,Rp24.999.000,2 terjual
ASUS ZenBook 14X OLED UX5401EA-OLED714 - Pine Grey,Rp19.299.000,23 terjual
ASUS ZenBook Flip 13 UX363EA-OLED712 - Pine Grey,Rp20.299.000,2 terjual
ASUS ZenBook Flip 13 UX363EA-OLED551 - Pine Grey,Rp17.799.000,2 terjual
ASUS VivoBook 14 A409MA-FHD421 - Transparent Silver,Rp5.699.000,10 terjual
ASUS VivoBook A416EPO-VIPS552+ Slate Grey,Rp10.999.000,50+ terjual
ASUS ZenBook Duo 14 UX482EG-IPS551+ - Celestial Blue,Rp22.694.000,2 terjual
ASUS ROG Strix G17 G713IE-R7R5B7T-O11 - Original Black,Rp21.499.000,2 terjual
ASUS ROG Strix G17 G713QE-R7R5B6T-O - Original Black,Rp22.999.000,17 terjual
ASUS VivoBook 14 A416JPO-VIPS352+ Slate Grey,Rp7.869.000,7 terjual
ASUS ROG SLASH Multi-use Drawstring Bag BD3700,Rp1.499.000,5 terjual
ASUS ROG Slash Classic Messenger Bag BC3500,Rp2.499.000,7 terjual
ASUS ROG Slash Sling Bag BC3000,Rp1.499.000,17 terjual
ASUS VivoBook 15 A516JAO-VIPS353+ Slate Grey,Rp6.860.000,6 terjual
ASUS ROG Strix G17 G713IE-R7R5B6T-O - Original Black,Rp19.299.000,7 terjual
ASUS ROG Zephyrus G14 GA401QH-R765B6W-O - Moonlight White,Rp19.299.000,30+ terjual
ASUS ROG Zephyrus G14 GA401QH-R765B6T-O - Eclipse Gray,Rp17.454.000,30+ terjual
ASUS ROG Strix G G713QM-R936G7G-O - Eclipse Gray,Rp30.999.000,27 terjual
ASUS ROG Strix - SCAR G533QM-R936D6T-O - Black Metal,Rp29.999.000,3 terjual
ASUS ROG Zephyrus G14 GA401QE-R9R5B6G-O - Eclipse Gray AniMe Matrix,Rp26.999.000,3 terjual
ASUS Chromebook C214MA-BU0393 - Dark Grey,Rp4.499.000,1 terjual
ASUS ROG STRIX G G713IC-R735B6T-O - Original Black,Rp17.999.000,4 terjual
ASUS ROG STRIX G G513IM-R736B6T-O - Original Black,Rp23.999.000,6 terjual
ASUS VivoBook 15 A516JA-FHD351 - Slate Grey,Rp7.899.000,6 terjual
ASUS VivoBook 15 A516JA-FHD322 - Transparent Silver,Rp7.499.000,2 terjual
ASUS VivoBook 15 A516JA-FHD321 - Slate Grey,Rp7.499.000,4 terjual
ASUS VivoBook E410MA-HD522 - Dreamy White,Rp5.999.000,2 terjual
ASUS VivoBook E410MA-HD521 - Peacock Blue,Rp5.999.000,4 terjual
ASUS VivoBook Flip 14 TP470EZ-EC751TS - Indie Black,Rp16.499.000,30+ terjual
ASUS VivoBook Flip 14 TP470EZ-EC752TS - Transparent Silver,Rp16.799.000,25 terjual
ASUS VivoBook 14 M415DA-VIPS322 - Slate Grey,Rp7.299.000,12 terjual
ASUS ROG Zephyrus M16 GU603HM-I936G6T-O - Off Black,Rp35.999.000,11 terjual
ASUS ROG Zephyrus M16 GU603HM-I736G6T-O - Off Black,Rp33.999.000,12 terjual
ASUS VivoBook 14 M415UA-FHD551 - Transparent Silver,Rp9.299.000,50+ terjual
ASUS VivoBook S14 M433UA-EB553TS - Dreamy White,Rp10.199.000,3 terjual
ASUS VivoBook S14 M433UA-EB551TS - Resolute Red,Rp10.199.000,22 terjual
ASUS VivoBook Ultra 15 K513EQ-VIPS553 - Hearty Gold,Rp11.999.000,22 terjual
ASUS VivoBook Ultra 15 K513EQ-VIPS551 - Indie Black,Rp11.999.000,18 terjual
ASUS VivoBook Ultra 14 K413EQ-EB553IPS - Hearty Gold,Rp11.599.000,13 terjual
ASUS VivoBook Ultra 14 K413EQ-EB552IPS - Indie Black,Rp11.599.000,14 terjual
ASUS VivoBook Ultra 14 K413EQ-EB551IPS - Transparent Silver,Rp11.799.000,2 terjual
ASUS VivoBook K413EQ-EB553TS - Hearty Gold,Rp11.799.000,13 terjual
ASUS VivoBook S13 S333EA-EG551TS - Dreamy White,Rp11.299.000,21 terjual
ASUS ZenBook UX325EA-OLED751 Pine Grey,Rp18.299.000,40+ terjual
ASUS Notebook A413EP-VIPS753 Cobalt Blue,Rp13.299.000,1 terjual
ASUS VivoBook Flip TP401MA-VIPS421 Light Grey,Rp7.399.000,1 terjual
ASUS Notebook A413EP-VIPS752 Dreamy Silver,Rp13.299.000,2 terjual
ASUS Zenbook Flip UX363EA-EM701TS - Pine Grey,Rp22.999.000,1 terjual
ASUS ZenBook Flip UM462DA-AI70/AMD Ryzen 7/8GB/512GB/Windows 10 Home,Rp12.999.000,6 terjual
ASUS VivoBook 14 K413EA-AM351TS Indie Black,Rp8.999.000,1 terjual
ASUS VivoBook 14 K413EA-AM551IPS Indie Black,Rp10.599.000,2 terjual
ASUS Zenbook Flip UX363EA-EM501TS Pine Grey,Rp16.299.000,4 terjual
ASUS VivoBook S333EA-EG552TS/ Intel Core i5/8GB/512GB/Windows 10 Home,Rp12.499.000,6 terjual
ASUS ZenBook UX433FAC-A501T [90NB0MQ1-M02050] - Royal Blue Metal,Rp13.999.000,5 terjual
ASUS VivoBook S430FN-EB732T [90NB0KM2-M04440] - Star Grey Red,Rp11.774.000,3 terjual
ASUS Notebook A412FL-EK702T Slate Grey,Rp11.999.000,
ASUS ZenBook UX433FAC-A502T [90NB0MQ8-M02070] - Icicle Silver Metal,Rp13.999.000,
ASUS All-in-One V241FFK-WA741T [90PT02A1-M00660] - White,Rp14.150.000,
ASUS VivoBook S430FN-EB334T Gun Metal,Rp7.999.000,
ASUS TUF FX505DT-R5596T Gold Steel,Rp12.599.000,
ASUS ZenBook 13 UX334FLC-A701T [90NB0MW3-M03900] - Royal Blue,Rp22.999.000,
ASUS ZenBook 13 UX334FLC-A702T [90NB0MW7-M04040] - Icicle Silver,Rp23.699.000,
ASUS Notebook A412FA-EK302T Slate Grey,Rp7.499.000,